Handle,Title,Body (HTML),Vendor,Type,Tags,Published,Option1 Name,Option1 Value,Variant SKU,Variant Inventory Tracker,Variant Inventory Qty,Variant Inventory Policy,Variant Fulfillment Service,Variant Price,Variant Requires Shipping,Variant Taxable,Variant Barcode,Status
pass-i-valley-under-moving-cloud,Pass I — Valley Under Moving Cloud,"<p>Three lit passes along a stretch of open ground, a sky that refused to hold still. The pixel-green trail on the left is a persistence-of-vision LED array's outbound arc — one column of image data rendered per frame as the rig moved. The orange fire-tipped loop on the right is the return, made with traditional fire poi. Between them, a valley that carried the weight of one long gesture before the clouds took it back.</p>",Holo-Flow Studio,Photograph,"photo-print, edition-25, method-traditional, method-led-pov, pass, landscape",TRUE,Paper and size,A3 · Hahnemühle Photo Rag 308,HF-01-A3-PR,,,continue,manual,180.00,TRUE,TRUE,,active
pass-i-valley-under-moving-cloud,,,,,,,Paper and size,A2 · Hahnemühle Photo Rag 308,HF-01-A2-PR,,,continue,manual,320.00,TRUE,TRUE,,
pass-i-valley-under-moving-cloud,,,,,,,Paper and size,A2 · Canson Baryta Prestige II 340,HF-01-A2-BA,,,continue,manual,360.00,TRUE,TRUE,,
corona-i-twenty-revolutions,Corona I — Twenty Revolutions In Registration,"<p>Twenty revolutions of a magenta persistence-of-vision LED array, each column of image data programmed ahead and written into physical space by the rig's rotation. Held against the same horizon across the whole exposure. What the camera captured in one frame is twenty iterations of the same pattern, physically present as light for the duration of the shutter. No compositing. The ring is what it looks like to stand inside the studio's rig when it is running hot and true.</p>",Holo-Flow Studio,Photograph,"photo-print, edition-30, method-led-pov, corona, ring",TRUE,Paper and size,A3 · Hahnemühle Photo Rag 308,HF-02-A3-PR,,,continue,manual,160.00,TRUE,TRUE,,active
corona-i-twenty-revolutions,,,,,,,Paper and size,A2 · Hahnemühle Photo Rag 308,HF-02-A2-PR,,,continue,manual,300.00,TRUE,TRUE,,
corona-i-twenty-revolutions,,,,,,,Paper and size,A2 · Canson Baryta Prestige II 340,HF-02-A2-BA,,,continue,manual,340.00,TRUE,TRUE,,
corona-ii-fourteen-petals,Corona II — Fourteen Petals Dusk,"<p>A looser variant of the Corona protocol. Fourteen passes of the same persistence-of-vision LED array, the rig held less rigidly — lamps drifting a degree off-plane each revolution. What's lost in symmetry is given back in flame. The magenta field behind the ring is long-exposure bleed from the rig's idle frames, not compositing.</p>",Holo-Flow Studio,Photograph,"photo-print, edition-30, method-led-pov, corona, ring",TRUE,Paper and size,A3 · Hahnemühle Photo Rag 308,HF-03-A3-PR,,,continue,manual,160.00,TRUE,TRUE,,active
corona-ii-fourteen-petals,,,,,,,Paper and size,A2 · Hahnemühle Photo Rag 308,HF-03-A2-PR,,,continue,manual,300.00,TRUE,TRUE,,
corona-ii-fourteen-petals,,,,,,,Paper and size,A2 · Canson Baryta Prestige II 340,HF-03-A2-BA,,,continue,manual,340.00,TRUE,TRUE,,
field-record-iv-grid-convergence,Field Record IV — Grid Convergence City Edge,"<p>Two light-painting techniques overlaid in a single exposure. The teal lattice on the ground is a persistence-of-vision LED array carried low, parallel to the turf, rendering a pre-programmed grid pattern column by column as the rig moved. The pink halos overhead are traditional hand-held LED wand passes. Both techniques live in the same photograph because both happened in the same seventeen-second exposure. The towers on the far horizon place you on the Manchester perimeter at around 23:00.</p>",Holo-Flow Studio,Photograph,"photo-print, edition-25, method-led-pov, method-traditional, field-record, urban, manchester",TRUE,Paper and size,A3 · Hahnemühle Photo Rag 308,HF-04-A3-PR,,,continue,manual,180.00,TRUE,TRUE,,active
field-record-iv-grid-convergence,,,,,,,Paper and size,A2 · Hahnemühle Photo Rag 308,HF-04-A2-PR,,,continue,manual,320.00,TRUE,TRUE,,
field-record-iv-grid-convergence,,,,,,,Paper and size,A2 · Canson Baryta Prestige II 340,HF-04-A2-BA,,,continue,manual,360.00,TRUE,TRUE,,
gathering-i-festival-early-hours,Gathering I — Festival Early Hours,"<p>The rings are kata. The small figures standing inside them are not composited — they are image data, programmed frame by frame into a persistence-of-vision LED array, rendered into physical space by the rig's pass during the exposure. For the duration of the shutter, the figures were physically present as light in the same field as the camera. When the shutter closed, only the photograph remained. The rings and the figures were captured whole, in one frame, at the edge of a festival dawn.</p>",Holo-Flow Studio,Photograph,"photo-print, edition-15, method-led-pov, festival, gathering",TRUE,Paper and size,A3 · Hahnemühle Photo Rag 308,HF-05-A3-PR,,,continue,manual,220.00,TRUE,TRUE,,active
gathering-i-festival-early-hours,,,,,,,Paper and size,A2 · Hahnemühle Photo Rag 308,HF-05-A2-PR,,,continue,manual,380.00,TRUE,TRUE,,
gathering-i-festival-early-hours,,,,,,,Paper and size,A2 · Canson Baryta Prestige II 340,HF-05-A2-BA,,,continue,manual,420.00,TRUE,TRUE,,
burst-i-deceleration,Burst I — Deceleration Open Ground,"<p>A persistence-of-vision LED array decelerating through the end of a revolution. The pixelated rain on the left is the rig writing one column of image data per millisecond as it slowed — time made visible as a spatial gradient. The camera didn't catch the gesture; it caught the braking.</p>",Holo-Flow Studio,Photograph,"photo-print, edition-25, method-led-pov, burst, kata-interrupted",TRUE,Paper and size,A3 · Hahnemühle Photo Rag 308,HF-06-A3-PR,,,continue,manual,180.00,TRUE,TRUE,,active
burst-i-deceleration,,,,,,,Paper and size,A2 · Hahnemühle Photo Rag 308,HF-06-A2-PR,,,continue,manual,320.00,TRUE,TRUE,,
burst-i-deceleration,,,,,,,Paper and size,A2 · Canson Baryta Prestige II 340,HF-06-A2-BA,,,continue,manual,360.00,TRUE,TRUE,,
instrument-i-the-rig-visible,Instrument I — The Rig Visible,"<p>A 360° capture of a single long revolution of the studio's persistence-of-vision LED rig, taken from ground level looking up. The pink band is the rig's own arc-trace through the sky; the orange is where the LEDs warmed on the way back down. The small object in the foreground is the rig's controller unit, deliberately left in frame. The one photograph in the series that documents the apparatus as well as its output.</p>",Holo-Flow Studio,Photograph,"photo-print, edition-20, method-led-pov, instrument, panoramic, 360",TRUE,Paper and size,A3 · Hahnemühle Photo Rag 308,HF-07-A3-PR,,,continue,manual,220.00,TRUE,TRUE,,active
instrument-i-the-rig-visible,,,,,,,Paper and size,A2 · Hahnemühle Photo Rag 308,HF-07-A2-PR,,,continue,manual,380.00,TRUE,TRUE,,
instrument-i-the-rig-visible,,,,,,,Paper and size,A2 · Canson Baryta Prestige II 340,HF-07-A2-BA,,,continue,manual,420.00,TRUE,TRUE,,
crossing-i-two-hands,Crossing I — Two Hands One Exposure,"<p>Two techniques, one exposure. The red and cyan burst on the left is a persistence-of-vision LED array caught mid-revolution. The bright white arc on the right is a traditional hand-held wand passing through the frame at the same moment. They look unrelated. They were executed within arm's reach of each other, in the same dark, in the same breath. Two lineages of light painting holding hands across one photograph.</p>",Holo-Flow Studio,Photograph,"photo-print, edition-20, method-led-pov, method-traditional, crossing, duet",TRUE,Paper and size,A3 · Hahnemühle Photo Rag 308,HF-08-A3-PR,,,continue,manual,200.00,TRUE,TRUE,,active
crossing-i-two-hands,,,,,,,Paper and size,A2 · Hahnemühle Photo Rag 308,HF-08-A2-PR,,,continue,manual,350.00,TRUE,TRUE,,
crossing-i-two-hands,,,,,,,Paper and size,A2 · Canson Baryta Prestige II 340,HF-08-A2-BA,,,continue,manual,390.00,TRUE,TRUE,,
firebird-foreshore-low-tide,Firebird — Foreshore at Low Tide,"<p>Traditional light painting, performed against a low-tide beach at early dusk. Two hand-held LED wands running staggered colour programs — red on one, green on the other — in a sustained figure-eight kata. The bird shape is not a design. It is what the figure-eight draws when the sand is flat enough to be an accomplice and the weather is willing to hold. The head faced the sun.</p>",Holo-Flow Studio,Photograph,"photo-print, edition-15, method-traditional, coastal, figure-eight, firebird",TRUE,Paper and size,A3 · Hahnemühle Photo Rag 308,HF-09-A3-PR,,,continue,manual,240.00,TRUE,TRUE,,active
firebird-foreshore-low-tide,,,,,,,Paper and size,A2 · Hahnemühle Photo Rag 308,HF-09-A2-PR,,,continue,manual,400.00,TRUE,TRUE,,
firebird-foreshore-low-tide,,,,,,,Paper and size,A2 · Canson Baryta Prestige II 340,HF-09-A2-BA,,,continue,manual,440.00,TRUE,TRUE,,
